LSTM,MA LSTM,DReg LSTM,MA DReg LSTM,HY CNN LSTM,HY LSTM RNN GRU,HY RNN LSTM,MA HY CNN LSTM,MA HY LSTM RNN GRU,MA HY RNN LSTM
0.4995111198233715,0.6898386440676985,1.0,0.811349101715169,0.4531994928955687,0.9990164041675518,0.9981904806009319,0.4717396589198377,0.9185298132753585,0.9214750185688325
-0.6173538750244523,0.9934652026219516,0.9909005217308242,0.9592641383044708,0.6518928089998106,0.9436299642969492,0.616123331246361,0.6124800816316485,0.9533542813996504,0.6130771019784045
0.9751140800219116,0.9718712117305314,0.9756041950920664,0.9741252107879576,0.9706005582240784,0.9796400783082112,0.9782401404506283,0.9729142031677236,0.9756963947052548,0.9489244111021548
0.9751140800219116,0.9718712117305314,0.9756041950920664,0.9741252107879576,0.9706005582240784,0.9796400783082112,0.9782401404506283,0.9729142031677236,0.9756963947052548,0.9489244111021548
