RNN,MA RNN,DReg RNN,MA DReg RNN,HY LSTM RNN GRU,HY CNN RNN GRU,HY RNN GRU,HY RNN LSTM,MA HY LSTM RNN GRU,MA HY CNN RNN GRU,MA HY RNN GRU,MA HY RNN LSTM
0.2250048153613955,0.9758693022153968,0.9949569611656983,0.9394100743415772,0.9990164041675518,0.481075947863409,0.9977418269391776,0.9981904806009319,0.9185298132753585,0.5052879526090996,0.9296947179988324,0.9214750185688325
0.9599470128297052,0.9408080439941532,0.937032089559499,0.9119409548881214,0.9436299642969492,0.9898161606395262,0.6641480074725084,0.616123331246361,0.9533542813996504,0.9894733167182612,0.5882191423517775,0.6130771019784045
0.9776773715055836,0.958380508150978,0.9764922131255448,0.9642018818073466,0.9796400783082112,0.969626261653688,0.9741320244538348,0.9782401404506283,0.9756963947052548,0.9480201533165356,0.9700433339313204,0.9489244111021548
0.9776773715055836,0.958380508150978,0.9764922131255448,0.9642018818073466,0.9796400783082112,0.969626261653688,0.9741320244538348,0.9782401404506283,0.9756963947052548,0.9480201533165356,0.9700433339313204,0.9489244111021548
