CNN,MA CNN,DReg CNN,MA DReg CNN,HY CNN LSTM,HY CNN RNN GRU,HY CNN GRU,MA HY CNN LSTM,MA HY CNN RNN GRU,MA HY CNN GRU
-1.0,0.6589579907934149,0.8302189813829548,0.6243883489426276,0.8423366399044785,0.8439549776614788,0.847189171152636,0.8451306102904856,0.8444587074677214,0.8438093620175429
0.990814202550626,0.9692411614545796,0.8666385608725922,0.6640588949311019,0.5840244639015237,0.9545247565215972,0.4991917094396136,0.5282689414311021,0.9539000517917292,0.5266479527243451
0.975992209283488,0.9595943827304816,0.9730833989711942,0.9717786383240904,0.9784669990810504,0.9764438775393702,0.9785247779216945,0.9707035847259496,0.9652362654613204,0.9676060862879572
0.975992209283488,0.9595943827304816,0.9730833989711942,0.9717786383240904,0.9784669990810504,0.9764438775393702,0.9785247779216945,0.9707035847259496,0.9652362654613204,0.9676060862879572
