GRU,MA GRU,DReg GRU,MA DReg GRU,HY LSTM RNN GRU,HY CNN RNN GRU,HY CNN GRU,HY RNN GRU,MA HY LSTM RNN GRU,MA HY CNN RNN GRU,MA HY CNN GRU,MA HY RNN GRU
0.8512634951461535,0.9881417801574881,0.9995951794992202,0.9652418748900333,0.9999574695535416,0.8439549776614788,0.847189171152636,1.0,0.9863991978037485,0.8444587074677214,0.8438093620175429,0.9967579655085148
-0.9830297159553928,0.972439419796478,0.906213835701598,0.915305489194945,0.8962054544976232,0.9545247565215972,0.4991917094396136,0.5401382309864187,0.9079199718036464,0.9539000517917292,0.5266479527243451,0.5476812636750648
0.977559179968649,0.9769932799656272,0.9781191924106908,0.9765938073496836,0.9767323246623284,0.9764438775393702,0.9785247779216945,0.9768634569772288,0.9764867233051726,0.9652362654613204,0.9676060862879572,0.962150914607304
0.977559179968649,0.9769932799656272,0.9781191924106908,0.9765938073496836,0.9767323246623284,0.9764438775393702,0.9785247779216945,0.9768634569772288,0.9764867233051726,0.9652362654613204,0.9676060862879572,0.962150914607304
