GRU,MA GRU,DReg GRU,MA DReg GRU,HY LSTM RNN GRU,HY CNN RNN GRU,HY CNN GRU,HY RNN GRU,MA HY LSTM RNN GRU,MA HY CNN RNN GRU,MA HY CNN GRU,MA HY RNN GRU
0.49083855659532216,0.8614063541846124,0.9971322967156271,0.8992478230784635,1.0,0.4714452406241607,0.46558621098268715,0.9966461064472514,0.8615864330189187,0.4641623446348593,0.4646626885099834,0.979933998825693
-0.7174967840651341,0.9594097085907958,0.88916063951746,0.8978220787164595,0.8835052881578935,0.9464850664837778,0.5897235744643721,0.5921513203325104,0.9131226306188158,0.946716320107622,0.6064696658325905,0.6102927032825383
0.9849042817546244,0.9855871599069566,0.9859895861880812,0.9841763886533132,0.9837941414455896,0.9837665108913874,0.9848885988484288,0.9846151675057888,0.9783618892408308,0.957945308350344,0.9828238481894906,0.9752321579688148
0.9849042817546244,0.9855871599069566,0.9859895861880812,0.9841763886533132,0.9837941414455896,0.9837665108913874,0.9848885988484288,0.9846151675057888,0.9783618892408308,0.957945308350344,0.9828238481894906,0.9752321579688148
