LSTM,MA LSTM,DReg LSTM,MA DReg LSTM,HY CNN LSTM,HY LSTM RNN GRU,HY RNN LSTM,MA HY CNN LSTM,MA HY LSTM RNN GRU,MA HY RNN LSTM
0.5490427730389311,0.9138244552649126,0.9986821599598499,0.82155347617123,0.45624642956562567,1.0,0.9992805552914787,0.46539886724140667,0.8615864330189187,0.9525376862400787
-0.6113986657677869,0.9884868750471862,1.0,0.9189406622772314,0.6292562827004555,0.8835052881578935,0.5694233413818537,0.5527934071486662,0.9131226306188158,0.539277337486034
0.9823013089078764,0.9821117450619828,0.9819555942816488,0.978612650468658,0.9859086495672836,0.9837941414455896,0.985127494318762,0.9774144147202466,0.9783618892408308,0.9745189877140352
0.9823013089078764,0.9821117450619828,0.9819555942816488,0.978612650468658,0.9859086495672836,0.9837941414455896,0.985127494318762,0.9774144147202466,0.9783618892408308,0.9745189877140352
