RNN,MA RNN,DReg RNN,MA DReg RNN,HY LSTM RNN GRU,HY CNN RNN GRU,HY RNN GRU,HY RNN LSTM,MA HY LSTM RNN GRU,MA HY CNN RNN GRU,MA HY RNN GRU,MA HY RNN LSTM
0.3570163408621707,0.9869380717668106,0.9980223357724414,0.9338800205587303,1.0,0.4714452406241607,0.9966461064472514,0.9992805552914787,0.8615864330189187,0.4641623446348593,0.979933998825693,0.9525376862400787
0.9089872521707196,0.9001152111984834,0.9128133854251308,0.8986032476978778,0.8835052881578935,0.9464850664837778,0.5921513203325104,0.5694233413818537,0.9131226306188158,0.946716320107622,0.6102927032825383,0.539277337486034
0.981323636979786,0.9579776682348198,0.9769806661288554,0.9800151197411212,0.9837941414455896,0.9837665108913874,0.9846151675057888,0.985127494318762,0.9783618892408308,0.957945308350344,0.9752321579688148,0.9745189877140352
0.981323636979786,0.9579776682348198,0.9769806661288554,0.9800151197411212,0.9837941414455896,0.9837665108913874,0.9846151675057888,0.985127494318762,0.9783618892408308,0.957945308350344,0.9752321579688148,0.9745189877140352
