GRU,MA GRU,DReg GRU,MA DReg GRU,HY LSTM RNN GRU,HY CNN RNN GRU,HY CNN GRU,HY RNN GRU,MA HY LSTM RNN GRU,MA HY CNN RNN GRU,MA HY CNN GRU,MA HY RNN GRU
0.5776113863499477,0.9234456490965108,0.99808087886806,0.9054125128069146,1.0,0.5626798293601922,0.5744809275299254,0.9983214561273459,0.966195478801811,0.5667675476892808,0.5687726992230124,0.9456420215653676
-1.0,0.94947574688354,0.9059474173435365,0.9048244759953183,0.8959298891171359,0.9432186786739016,0.4630468183205471,0.5105304007238816,0.9031942814009676,0.943087470272775,0.4999130814126848,0.5113861138988649
0.9855654386261244,0.981456847027845,0.9823464999672616,0.97376676426266,0.979387597487396,0.9789437525403312,0.9822793622860888,0.9858977094428296,0.9697875311674402,0.935751789915049,0.9547021904377032,0.9641507201131976
0.9855654386261244,0.981456847027845,0.9823464999672616,0.97376676426266,0.979387597487396,0.9789437525403312,0.9822793622860888,0.9858977094428296,0.9697875311674402,0.935751789915049,0.9547021904377032,0.9641507201131976
