LSTM,MA LSTM,DReg LSTM,MA DReg LSTM,HY CNN LSTM,HY LSTM RNN GRU,HY RNN LSTM,MA HY CNN LSTM,MA HY LSTM RNN GRU,MA HY RNN LSTM
0.5941172425870758,0.7104985847085099,0.9990389381801303,0.9161192025527858,0.5673300928803584,1.0,0.9987702009840604,0.5654690182502882,0.966195478801811,0.956117106148842
-0.671641938246264,0.951359347728213,1.0,0.8983889458631871,0.5634621465596441,0.8959298891171359,0.4890279545194465,0.5968388404415295,0.9031942814009676,0.5028811799028501
0.9758731585492372,0.9723239263768952,0.9728349896982148,0.9694869696461904,0.9773932072934052,0.979387597487396,0.9844988703409234,0.973923784888674,0.9697875311674402,0.9576112461994888
0.9758731585492372,0.9723239263768952,0.9728349896982148,0.9694869696461904,0.9773932072934052,0.979387597487396,0.9844988703409234,0.973923784888674,0.9697875311674402,0.9576112461994888
