CNN,MA CNN,DReg CNN,MA DReg CNN,HY CNN LSTM,HY CNN RNN GRU,HY CNN GRU,MA HY CNN LSTM,MA HY CNN RNN GRU,MA HY CNN GRU
-1.0,-0.366238620524466,0.4438234925193896,-0.23257031146997065,0.4531994928955687,0.481075947863409,0.48385772770460544,0.4717396589198377,0.5052879526090996,0.4751666861348922
-1.0,0.9685049568910382,0.8178956985267345,0.9043544819077136,0.6518928089998106,0.9898161606395262,0.5600493034967893,0.6124800816316485,0.9894733167182612,0.6054222424490081
0.9785199417789944,0.9444733167585998,0.9748140199203282,0.9719441332576896,0.9706005582240784,0.969626261653688,0.9757839511499894,0.9729142031677236,0.9480201533165356,0.9686619673564428
0.9785199417789944,0.9444733167585998,0.9748140199203282,0.9719441332576896,0.9706005582240784,0.969626261653688,0.9757839511499894,0.9729142031677236,0.9480201533165356,0.9686619673564428
