GRU,MA GRU,DReg GRU,MA DReg GRU,HY LSTM RNN GRU,HY CNN RNN GRU,HY CNN GRU,HY RNN GRU,MA HY LSTM RNN GRU,MA HY CNN RNN GRU,MA HY CNN GRU,MA HY RNN GRU
0.4982281148347134,0.9326437799807756,0.9967462312806143,0.9377606176052165,0.9990164041675518,0.481075947863409,0.48385772770460544,0.9977418269391776,0.9185298132753585,0.5052879526090996,0.4751666861348922,0.9296947179988324
-0.7645409639368851,1.0,0.9523398512288804,0.9226350868996078,0.9436299642969492,0.9898161606395262,0.5600493034967893,0.6641480074725084,0.9533542813996504,0.9894733167182612,0.6054222424490081,0.5882191423517775
0.9803192550509852,0.9781753799894,0.981021203219359,0.9803595054835206,0.9796400783082112,0.969626261653688,0.9757839511499894,0.9741320244538348,0.9756963947052548,0.9480201533165356,0.9686619673564428,0.9700433339313204
0.9803192550509852,0.9781753799894,0.981021203219359,0.9803595054835206,0.9796400783082112,0.969626261653688,0.9757839511499894,0.9741320244538348,0.9756963947052548,0.9480201533165356,0.9686619673564428,0.9700433339313204
