LSTM,MA LSTM,DReg LSTM,MA DReg LSTM,HY CNN LSTM,HY LSTM RNN GRU,HY RNN LSTM,MA HY CNN LSTM,MA HY LSTM RNN GRU,MA HY RNN LSTM
0.8582179005757631,0.9746817469375886,0.9995161783145026,0.979013059321661,0.8423366399044785,0.9999574695535416,0.9996295026776305,0.8451306102904856,0.9863991978037485,0.98979024696194
-1.0,0.9767282198062162,1.0,0.9149240120718704,0.5840244639015237,0.8962054544976232,0.590722923759663,0.5282689414311021,0.9079199718036464,0.5530077098228809
0.972938511959569,0.9714819292408235,0.974209024625698,0.9715002564144049,0.9784669990810504,0.9767323246623284,0.9748860889275232,0.9707035847259496,0.9764867233051726,0.9717264371557508
0.972938511959569,0.9714819292408235,0.974209024625698,0.9715002564144049,0.9784669990810504,0.9767323246623284,0.9748860889275232,0.9707035847259496,0.9764867233051726,0.9717264371557508
