RNN,MA RNN,DReg RNN,MA DReg RNN,HY LSTM RNN GRU,HY CNN RNN GRU,HY RNN GRU,HY RNN LSTM,MA HY LSTM RNN GRU,MA HY CNN RNN GRU,MA HY RNN GRU,MA HY RNN LSTM
0.8153516726209347,0.9891640686762042,0.9998221649003975,0.9844127271918865,0.9999574695535416,0.8439549776614788,1.0,0.9996295026776305,0.9863991978037485,0.8444587074677214,0.9967579655085148,0.98979024696194
0.8888356656998015,0.8985017284924386,0.8819383478164657,0.8837020742747244,0.8962054544976232,0.9545247565215972,0.5401382309864187,0.590722923759663,0.9079199718036464,0.9539000517917292,0.5476812636750648,0.5530077098228809
0.9778730915668076,0.965323286372528,0.9763318299382304,0.960290598039468,0.9767323246623284,0.9764438775393702,0.9768634569772288,0.9748860889275232,0.9764867233051726,0.9652362654613204,0.962150914607304,0.9717264371557508
0.9778730915668076,0.965323286372528,0.9763318299382304,0.960290598039468,0.9767323246623284,0.9764438775393702,0.9768634569772288,0.9748860889275232,0.9764867233051726,0.9652362654613204,0.962150914607304,0.9717264371557508
