CNN,MA CNN,DReg CNN,MA DReg CNN,HY CNN LSTM,HY CNN RNN GRU,HY CNN GRU,MA HY CNN LSTM,MA HY CNN RNN GRU,MA HY CNN GRU
-1.0,-0.0014802392332238234,-0.8159730353824161,-0.9225433636445464,0.45624642956562567,0.4714452406241607,0.46558621098268715,0.46539886724140667,0.4641623446348593,0.4646626885099834
-1.0,0.9328812996651884,0.8411180452323013,0.8908218266982002,0.6292562827004555,0.9464850664837778,0.5897235744643721,0.5527934071486662,0.946716320107622,0.6064696658325905
0.9803609082351517,0.9687389149591898,0.9816679823167432,0.9791872446646124,0.9859086495672836,0.9837665108913874,0.9848885988484288,0.9774144147202466,0.957945308350344,0.9828238481894906
0.9803609082351517,0.9687389149591898,0.9816679823167432,0.9791872446646124,0.9859086495672836,0.9837665108913874,0.9848885988484288,0.9774144147202466,0.957945308350344,0.9828238481894906
