CNN,MA CNN,DReg CNN,MA DReg CNN,HY CNN LSTM,HY CNN RNN GRU,HY CNN GRU,MA HY CNN LSTM,MA HY CNN RNN GRU,MA HY CNN GRU
-1.0,-0.7325634916095408,-0.5930363114323752,-0.6117023824659817,0.5673300928803584,0.5626798293601922,0.5744809275299254,0.5654690182502882,0.5667675476892808,0.5687726992230124
0.9981106035573706,0.9282257628962216,0.8131758139615444,0.8858017834222278,0.5634621465596441,0.9432186786739016,0.4630468183205471,0.5968388404415295,0.943087470272775,0.4999130814126848
0.9795702290991088,0.9317342780320096,0.9733743869341672,0.9721623511031536,0.9773932072934052,0.9789437525403312,0.9822793622860888,0.973923784888674,0.935751789915049,0.9547021904377032
0.9795702290991088,0.9317342780320096,0.9733743869341672,0.9721623511031536,0.9773932072934052,0.9789437525403312,0.9822793622860888,0.973923784888674,0.935751789915049,0.9547021904377032
