RNN,MA RNN,DReg RNN,MA DReg RNN,HY LSTM RNN GRU,HY CNN RNN GRU,HY RNN GRU,HY RNN LSTM,MA HY LSTM RNN GRU,MA HY CNN RNN GRU,MA HY RNN GRU,MA HY RNN LSTM
0.6430516568083813,0.9725901243921811,0.9961415448428199,0.9431184117813591,1.0,0.5626798293601922,0.9983214561273459,0.9987702009840604,0.966195478801811,0.5667675476892808,0.9456420215653676,0.956117106148842
0.9106350071394592,0.8860421251885873,0.893668338105148,0.8655437039158993,0.8959298891171359,0.9432186786739016,0.5105304007238816,0.4890279545194465,0.9031942814009676,0.943087470272775,0.5113861138988649,0.5028811799028501
0.9863679756168846,0.9452049517877784,0.9877206767492396,0.9805986321254654,0.979387597487396,0.9789437525403312,0.9858977094428296,0.9844988703409234,0.9697875311674402,0.935751789915049,0.9641507201131976,0.9576112461994888
0.9863679756168846,0.9452049517877784,0.9877206767492396,0.9805986321254654,0.979387597487396,0.9789437525403312,0.9858977094428296,0.9844988703409234,0.9697875311674402,0.935751789915049,0.9641507201131976,0.9576112461994888
