,training_loss,validation_loss,training_accuracy,validation_accuracy
0,1.5750755071640015,0.9683191776275635,,
1,0.8247316479682922,0.9600355625152588,,
2,0.8200653791427612,0.9531026482582092,,
3,0.8160350918769836,0.9453556537628174,,
4,0.8116097450256348,0.9364955425262451,,
5,0.8068203330039978,0.9285317659378052,,
6,0.8028016686439514,0.9214532971382141,,
7,0.7997317910194397,0.9163265228271484,,
8,0.7971242070198059,0.910635769367218,,
9,0.7943267822265625,0.9045183658599854,,
